{
  "H1_seasonality_kruskal": {
    "H": 11.810444267496177,
    "p_value": 0.3780589571696683,
    "epsilon_squared": 0.009883466676782643
  },
  "H2_osb_exposure_mannwhitney": {
    "U": 12171.5,
    "p_value": 9.913055982834709e-31,
    "osb_province_median": 10.0,
    "non_osb_province_median": 1.0
  },
  "H3_osb_exposure_correlations": {
    "osb_parcels_spearman": 0.7947635916056632,
    "osb_parcels_p_value": 7.821841143164724e-17,
    "osb_area_spearman": 0.7493686668718624,
    "osb_area_p_value": 3.6782180553461e-14
  },
  "H4_sector_severity_chi_square": {
    "chi2": 90.32395452962544,
    "p_value": 6.506124205918993e-11,
    "dof": 20
  },
  "H4_province_osb_exposure_severity_chi_square": {
    "chi2": 4.508137026316152,
    "p_value": 0.10497127757416845,
    "dof": 2
  }
}