{
  "H1_seasonality_kruskal": {
    "H": 14.809462733528115,
    "p_value": 0.1913870583482299,
    "epsilon_squared": 0.05442089619325878
  },
  "H2_osb_exposure_mannwhitney": {
    "U": 11258.0,
    "p_value": 1.0282303547553038e-28,
    "osb_province_median": 9.0,
    "non_osb_province_median": 1.0
  },
  "H3_osb_exposure_correlations": {
    "osb_parcels_spearman": 0.7707710979729129,
    "osb_parcels_p_value": 3.809145024998873e-15,
    "osb_area_spearman": 0.7374119355994901,
    "osb_area_p_value": 2.2380643209360956e-13
  },
  "H4_sector_severity_chi_square": {
    "chi2": 83.40756465274296,
    "p_value": 1.0286848772166159e-09,
    "dof": 20
  },
  "H4_province_osb_exposure_severity_chi_square": {
    "chi2": 9.417115597683324,
    "p_value": 0.009017773652317448,
    "dof": 2
  }
}